{"cameraMode":{"drawMode":0,"name":"Shaded","section":"Shading Mode"},"sceneLighting":false,"audioPlay":false,"sceneViewState":{"m_AlwaysRefresh":false,"showFog":true,"showSkybox":false,"showFlares":true,"showImageEffects":true,"showParticleSystems":true,"showVisualEffectGraphs":true,"m_FxEnabled":true},"in2DMode":false,"pivot":{"x":-5.296074390411377,"y":0.8663113117218018,"z":-22.255624771118165},"rotation":{"x":-0.0015698353527113796,"y":0.9941882491111755,"z":-0.10778894275426865,"w":-0.013410398736596108},"size":12.12435531616211,"orthographic":false}