{"cameraMode":{"drawMode":0,"name":"Shaded","section":"Shading Mode"},"sceneLighting":false,"audioPlay":false,"sceneViewState":{"m_AlwaysRefresh":false,"showFog":true,"showSkybox":false,"showFlares":true,"showImageEffects":true,"showParticleSystems":true,"showVisualEffectGraphs":true,"m_FxEnabled":true},"in2DMode":false,"pivot":{"x":-2.878023862838745,"y":0.8807805776596069,"z":2.8662190437316896},"rotation":{"x":0.013322588056325913,"y":0.9442130327224731,"z":-0.038563162088394168,"w":0.3269071877002716},"size":1.1583255529403687,"orthographic":false}