{"cameraMode":{"drawMode":0,"name":"Shaded","section":"Shading Mode"},"sceneLighting":true,"audioPlay":false,"sceneViewState":{"m_AlwaysRefresh":false,"showFog":true,"showSkybox":true,"showFlares":true,"showImageEffects":true,"showParticleSystems":true,"showVisualEffectGraphs":true,"m_FxEnabled":true},"in2DMode":false,"pivot":{"x":124.79951477050781,"y":11.762115478515625,"z":141.80784606933595},"rotation":{"x":0.1370694786310196,"y":0.1787400096654892,"z":-0.02515621855854988,"w":0.9740022420883179},"size":0.2739143967628479,"orthographic":false}