{"cameraMode":{"drawMode":0,"name":"Shaded","section":"Shading Mode"},"sceneLighting":false,"audioPlay":false,"sceneViewState":{"m_AlwaysRefresh":false,"showFog":true,"showSkybox":false,"showFlares":true,"showImageEffects":true,"showParticleSystems":true,"showVisualEffectGraphs":true,"m_FxEnabled":true},"in2DMode":false,"pivot":{"x":-4.649298191070557,"y":2.957730531692505,"z":-17.118806838989259},"rotation":{"x":-0.0036442975979298355,"y":0.9939162731170654,"z":-0.034612469375133517,"w":-0.10475918650627136},"size":11.438788414001465,"orthographic":false}